scenario_id,metric,n,mean,median,min,max,std,coefficient_of_variation_pct
scenario1_minimal,compile_time,30,413.1754,393.8825,377.355,593.577,48.748,11.8
scenario1_minimal,witness_time,30,397.6111,388.7695,371.311,532.947,30.0275,7.55
scenario1_minimal,proving_time,30,269.3699,259.308,249.361,507.252,47.2761,17.55
scenario1_minimal,peak_memory,30,73.4381,73.445,73.238,73.445,0.0378,0.05
scenario1_minimal,proof_size,30,14656.0,14656.0,14656.0,14656.0,0.0,0.0
scenario1_minimal,local_verify_time,30,14.6746,14.3765,13.889,18.049,1.0364,7.06
scenario1_minimal,ethereum_gas,3,2712250.3333,2712250.0,2709693.0,2714808.0,2557.5,0.09
scenario1_minimal,calldata_size,3,7264.0,7264.0,7264.0,7264.0,0.0,0.0
scenario2_multi_attr,compile_time,30,447.8883,434.176,379.621,658.664,62.4966,13.95
scenario2_multi_attr,witness_time,30,447.0505,408.509,378.798,765.281,95.9402,21.46
scenario2_multi_attr,proving_time,30,279.2898,265.709,253.163,450.783,40.1175,14.36
scenario2_multi_attr,peak_memory,30,73.5713,73.57,73.57,73.574,0.0019,0.0
scenario2_multi_attr,proof_size,30,14656.0,14656.0,14656.0,14656.0,0.0,0.0
scenario2_multi_attr,local_verify_time,30,15.4615,14.4315,13.757,21.767,2.0705,13.39
scenario2_multi_attr,ethereum_gas,1,2724435.0,2724435.0,2724435.0,2724435.0,,
scenario2_multi_attr,calldata_size,1,7488.0,7488.0,7488.0,7488.0,,
scenario3_full_integrity,compile_time,30,902.898,806.6535,749.614,2705.96,353.3848,39.14
scenario3_full_integrity,witness_time,30,686.6214,588.6745,531.387,2394.506,343.2834,50.0
scenario3_full_integrity,proving_time,30,401.2072,390.2,346.918,730.057,72.1803,17.99
scenario3_full_integrity,peak_memory,30,100.2778,100.312,100.141,100.312,0.0696,0.07
scenario3_full_integrity,proof_size,30,14656.0,14656.0,14656.0,14656.0,0.0,0.0
scenario3_full_integrity,local_verify_time,30,15.867,15.324,13.676,21.723,2.064,13.01
scenario3_full_integrity,ethereum_gas,1,2790483.0,2790483.0,2790483.0,2790483.0,,
scenario3_full_integrity,calldata_size,1,7744.0,7744.0,7744.0,7744.0,,
scenario4_advanced_identity,compile_time,30,2012.5257,1949.506,1875.144,2456.133,145.6541,7.24
scenario4_advanced_identity,witness_time,30,628.0395,603.4005,578.952,934.369,75.7518,12.06
scenario4_advanced_identity,proving_time,30,799.2797,758.9355,723.332,1106.932,100.5417,12.58
scenario4_advanced_identity,peak_memory,30,121.4266,121.434,121.086,122.047,0.2518,0.21
scenario4_advanced_identity,proof_size,30,14656.0,14656.0,14656.0,14656.0,0.0,0.0
scenario4_advanced_identity,local_verify_time,30,15.433,14.8665,13.673,21.23,1.7768,11.51
scenario4_advanced_identity,ethereum_gas,1,2862899.0,2862899.0,2862899.0,2862899.0,,
scenario4_advanced_identity,calldata_size,1,8096.0,8096.0,8096.0,8096.0,,
